id,bws,predicted,sentence
3270,0.684,1.2364062562962996,That really nice fellow works in a clothing factory sewing zippers on jeans . That is good . He would n't hurt a fly .
2986,0.613,0.6217562281864719,Two pencils decided to have a race . The outcome was a draw .
1924,0.613,0.7078752008435678,Those who make sponges get very absorbed in their work .
2555,0.607,0.11180382725814468,Bill Gates took advantage of his Windows of opportunity
3274,0.593,0.22892306944844784,"A sign at a cemetery reads , 'No Trespassing , Violators Will Face Grave Charges ' ."
490,0.586,0.32087365162199494,"My mailman should be a comedian , his delivery is perfect !"
3995,0.574,0.6545095820095019,When the shocked IRS agent was found guilty of tax evasion he had to take time to collect himself .
2067,0.574,1.1069051859601808,"Waiter , there are pennies in my soup ! ''Well , sir , you said you 'd stop eating here if there was n't some change in the food . '' *"
1954,0.574,0.3656142429772231,Selling gasoline too cheaply would be fuelish .
2289,0.559,0.22353660180121745,The earless defendant waived his hearing .
734,0.559,0.9037050031699785,At the petting zoo I saw a sheep scratching itself . Turns out it had fleece .
239,0.556,0.9679587080758264,"I was going to buy a book on phobias , but I was afraid it would n't help me ."
1735,0.556,0.32529340242667976,A letter carrier career is a mail dominated profession .
3154,0.552,1.032517843353409,She got fired from the hot dog stand for putting her hair in a bun .
1081,0.548,0.7340527973710158,His qualifications as a math teacher did n't add up .
2533,0.545,0.8481395495816066,He put so many blanks in his document that he started to feel spaced out .
2138,0.544,1.1834735757645631,"She was only a Dentist 's daughter , but everybody wanted to fill her cavity ."
2547,0.533,0.0737964705656628,You should never drink beyond the pint of no return .
433,0.525,0.826575808290116,I used to hate maths but then I realised decimals have a point .
915,0.524,0.8902144083205634,"After 5 years with the same chiropractor , I moved and had to change doctors . It was quite an adjustment ."
2390,0.516,0.23749221828542832,Someone who sells old chess pieces is a pawn broker .
1728,0.509,0.4599977101280786,A cat ate some cheese and waited for a mouse with baited breath .
2618,0.509,0.48829798531460245,When the air conditioning failed in the indoor stadium there was a fan protest .
2106,0.509,0.7793639934810331,"A boy told his parents he wanted to raise goats for a living , but he was only kidding ."
1805,0.5,0.6574875008835763,The other day I held the door open for a clown . I thought it was a nice jester .
2939,0.5,0.3327808664127006,If you do n't know how to choose music ask a guitarist - they know how to pick .
2760,0.485,0.28274387983526,What keeps a dock floating above water ? Pier pressure .
4011,0.483,0.7640809964307089,"OLD SHOEMAKERS never die , they just lose their sole ."
138,0.483,0.9417207644811705,"I wanted to join my local rambling club , but the guy I spoke to on the phone just went on and on ."
3526,0.483,0.6548189765243069,Tried some bear stew . It was a little grizzly .
81,0.481,0.3438554925129262,Why do n't people like to talk to garbage men ? They mostly talk trash .
3312,0.475,0.373800577002719,When I suffered a groin injury I became quite testy .
1363,0.475,0.3285932522547805,Why do people preserve fruits and vegetables ? Because they 'can ' .
620,0.475,0.8060779632158777,"I started to work at a seafood buffet , but then I pulled a mussel ."
1024,0.475,1.101602687967822,A scientist doing a large experiment with liquid chemicals was trying to solve a problem when he fell in and became part of the solution .
2281,0.474,0.7900553225353156,"Waiter , there 's a fly in my soup ! ''No , sir , that is an essential bee vitamin . ''"
2820,0.474,0.850165552955824,The man brought an umbrella with him into the ice cream store because he heard there was a chance of sprinkles .
3106,0.469,0.837722212041444,The comedian stopped at the fabric store on his way to a comedy gig . He was looking for new material .
579,0.467,0.4661261260813516,When longshoremen show up late for work they get docked .
927,0.467,0.7243557674185919,"He worked in a chocolate factory , but always took his sweet time ."
2234,0.467,0.685954135299849,Why are all businessmen fat ? Must be all the inflation .
2282,0.467,0.17419002431521607,"I am not 40 , I 'm 18 with 22 years experience"
3568,0.464,0.7066421428240868,"I went to the theatre , it looked a bit suspicious . I reckon the whole thing was staged ."
2649,0.464,0.6468294950427761,OLD GOLFERS never die they just putter away .
597,0.462,1.2753445488778206,"An old lady once asked the dispatcher of a local trucking company if they could ship an antique mirror to her sister in Toronto . The dispatcher says , ' I do n't know madam , I 'd have to look into it first ' ."
1960,0.46,0.2691958654634061,Insomnia is n't anything to lose sleep over .
1790,0.452,0.8791205724716031,It was an emotional wedding . Even the cake was in tiers .
2843,0.452,0.21285756433595132,The careless pyromaniac made an ash of himself .
1998,0.452,0.7906304672682211,A doctor drank while putting on patients ' casts . He was soon plastered .
1638,0.452,0.9035955151184156,"OLD ALCOHOLICS never die , they just lose their spirit ."
1496,0.448,0.018932996358334828,If you do n't pay your exorcist you get repossessed .
403,0.448,0.2704581841336756,Cats are smarter than dogs ... You wo n't see eight cats pulling a sled .
576,0.444,0.9181766648293974,I trained my dog to hunt for underground mushrooms but now he 's more truffle than he 's worth .
1591,0.443,0.4580217231377325,OLD HUMAN CANNONBALLS never die they just get fired .
3179,0.443,0.8827913619919805,"My mate swallowed a cordless vacuum cleaner , they took him to hospital and he is picking up nicely ."
558,0.443,1.074427481802513,When crazy glue was invented lots of people became attached to it .
2244,0.443,0.3280935305010766,Building a cul-de-sac would be a bit of a dead-end job .
2559,0.443,0.5704110657553416,"OLD COUPON CLIPPERS never die , they just expire ."
940,0.439,1.2145406526423288,"Doctor , Doctor , my hair is coming out . What can you give me to keep it in ? - A cigar box . Next ."
2800,0.438,0.7528357191825785,"If you wear a blindfold at the shooting range , you wo n't know what you 're missing ."
3777,0.433,0.398410745092157,Seven days without a pun makes one weak .
3250,0.433,0.6064969381615668,Some people still think that writing long stories is a novel idea .
3632,0.429,0.9586067471432406,"OLD SHOEMAKERS never die , they are just given the boot ."
1554,0.424,0.8534156535088065,The electricity was off and they could n't found out watt was the problem .
1850,0.424,1.07296676658932,A logger went to his doctor because of a problem with the lumbar .
3634,0.419,0.4746480985533828,"Sign on a broken perfume bottle , `` Out of odor '' ."
1467,0.414,0.3505331581433258,Those who build roofs are so inclined .
2019,0.414,0.7352547253747085,"OLD DIETICIANS never die , they just waist away"
135,0.414,0.6150457693718019,"Some clockmakers are normal , but others are a little cuckoo ."
644,0.414,0.4266335882524018,Practice safe eating – always use condiments .
3401,0.414,0.6921876247321254,"OLD FORESTERS never die , they just pine away ."
3517,0.412,0.9152708737817397,"OLD TEACHERS never die , they just grade away"
2551,0.41,0.6244778728760485,"I ca n't recall the last time I did any running , but I 've been jogging my memory ."
2592,0.41,0.027235976830272263,Sushi : known to the rest of the world as 'Bait '
3605,0.41,0.16617687375209284,"Soon after he joined the band , the guitarist was instrumental ."
1973,0.41,0.7760082545929701,The groundskeeper at a large cemetery was important because he had 5000 people under him .
3228,0.406,0.39455685871820473,A chicken farmer 's favorite car is a coupe .
3958,0.406,0.6555419747619786,Meet me at the clothes line . That 's where I hang out !
2508,0.406,0.4006158641237206,There was a contest on a slippery rock slope . I won in a landslide .
1168,0.404,0.34214624454851683,If you 're a gardener you might call yourself a 'plant manager ' .
2405,0.404,0.4613265215653338,The whistling fisherman was always out of tuna .
1872,0.397,1.2084488827678586,It 's quiet in a bowling alley because you can hear a pin drop .
486,0.397,0.11215664005106181,A truly wise man never plays leapfrog with a unicorn .
3907,0.396,0.5265663199430953,A locksmith has to have a good Combination of skills .
819,0.393,0.9373075303430007,"OLD PHOTOGRAPHERS never die , they just lose their focus ."
2788,0.39,0.927972371213834,"The duck said to the bartender , 'put it on my bill . '"
3328,0.39,0.840794217320856,Two florists got married . It was an arranged marriage .
929,0.387,0.8343845917219324,There was once a cross-eyed teacher who could n't control his pupils .
3379,0.385,0.19990107954477138,Why was six afraid of seven ? Because seven eight nine .
594,0.385,0.7986906057814347,"She was always calling for her twins , `` on the double . ''"
641,0.379,0.7603693666345074,"OLD CARTOONISTS never die , they just draw their last breath ."
918,0.379,0.6076474089432304,Old cotton-pickers never die . They just bale out .
2545,0.379,0.8799341016093354,"Doctor , doctor , people tell me I 'm a wheelbarrow . - Do n't let people push you around . Next ."
3868,0.377,0.6087212507493461,The local baker was paying his staff based on a flourly rate .
2305,0.377,0.17878686937175106,The earliest mention of cars is in the Bible when Adam and Eve were driven out of the Garden of Eden .
255,0.377,0.8580870409308528,Hockey players are terrible chess players because they are always getting checked .
1965,0.375,0.7190453194480011,A heavy drinker of hard liquor appears to be in high spirits .
42,0.375,0.7509618931313861,"She was only a Rancher 's daughter , but she could n't keep her calves together ."
2265,0.375,0.8077855803899601,"It was the first time she 'd seen a live sponge on display , and she really soaked it in ."
585,0.373,0.4929277947543913,For class schedules Yoga instructors are flexible .
3508,0.37,0.5961099195479358,"OLD SLAVS never die , they just czech out ."
2616,0.37,0.07629903945787851,ADVENTURE : The land between entertainment and panic .
3658,0.37,1.3071372027799115,"The calculus teacher tried to keep his students on task , but the class discussion kept going off on tangents ."
925,0.368,0.5860289075512215,A woman who became queen considered it her crowning achievement .
1919,0.368,0.027076740933849368,The Loch Ness monster eats fish and ships .
709,0.368,0.5839554604166912,He was facinated by his new welding job . It was riveting .
559,0.368,0.24078197696920633,Acupuncture is a jab well done .
3445,0.367,0.41718995944243287,The carpenter was well-known for nailing his work .
3950,0.367,0.07734869765135226,"''We have no oranges , '' Tom said fruitlessly ."
1725,0.367,0.4194375008912376,A cardboard belt would be a waist of paper .
2783,0.365,0.9760219235959473,"OLD ACADEMICIANS never die , they just lose their faculties"
2770,0.362,0.004709423312640432,What if there were no hypothetical questions ?
3111,0.358,0.5641312896471292,He was a Red Cross donor until he went out of circulation .
764,0.356,0.39787639352722226,A good carpenter will do his work and then varnish without a trace .
3039,0.356,0.5859363852400474,"For a while , Houdini used a lot of trap doors in his act , but he was just going through a stage ."
1371,0.356,0.6193890357895808,"I 've never taken an elevator to the basement floor , that 's just beneath me ."
2050,0.355,0.7257882129696839,"When I had my PlayStation stolen , my family were there to console me ."
1054,0.345,0.33275526936703737,The salt said 'hi ' to the pepper . It was seasonings greetings .
2383,0.345,0.7390054337235606,The male pig puts everyone to sleep . You could say he 's quite the boar .
1556,0.345,0.3483873377425912,Shepherds sometimes have staff meetings .
3149,0.345,0.6109804354000974,The man who fell into an upholstery machine is fully recovered .
816,0.345,0.6594936103182893,"OLD BUS DRIVERS never die , they just take a turn for the worse ."
1051,0.344,0.5653733294332938,"The car stopped with a jerk , then the jerk got out ."
3859,0.344,0.49524388291028854,A chicken crossing the road is poultry in motion .
2802,0.344,1.133253373954385,The man leaned on the printer cartridge because he wanted to tone up his abs .
3259,0.333,0.664974726121283,He sat in the magician 's audience dressed as a cactus . He was a plant .
2294,0.333,0.5175471930055684,An artist with the military kept drawing enemy fire .
3898,0.333,0.08902664677394917,A politician with a bad back needs lots of support .
111,0.333,0.8584754836822497,The mortician was late for dinner because he was buried in his work .
1155,0.333,0.9725301738479104,Diets are for people who are thick and tired of it all .
1326,0.333,0.7010595913446407,"Doctor , Doctor , what would you take for this cold ? - Make me an offer . Next ."
1822,0.333,1.1607255304272424,"She was only a Catcher 's daughter , but she had many balls bounce off her chin ."
3482,0.333,1.3757980737453714,"I wanted to do some research on anorexia , so I went to the library to get the skinny ."
642,0.333,0.19145275352139804,A nudist has no reason to fear a pickpocket .
3918,0.323,0.5357733164777774,"OLD CARDIOLOGISTS never die , they just lose heart ."
704,0.322,0.6238908455656129,"I was going to study the work of Sigmund Freud , but I was too Jung to understand it ."
2812,0.322,0.14654263346373997,Sharks do n't eat lawyers . Professional courtesy .
2456,0.322,0.5803875972506438,There was a sale at the fish market today . I went to see what was the catch .
2439,0.322,1.2347031400374615,After having a knee dislocated and an elbow fractured in two barroom brawls Bradley should have learned to stay away from those joints .
344,0.321,1.036027485511145,"Old electricians never die , they just keep plugging away ."
854,0.311,0.887923002970018,He only knew how to drive a fork lift in reverse . He was the backup man .
3169,0.311,0.5195047098076384,OLD MAGICIANS never die they just disappear .
2974,0.311,0.7358576267856833,A boxer who wants to get married has the ring to worry about .
3034,0.311,0.40719130623242794,Can honeybee abuse lead to a sting operation ?
2110,0.311,0.3275425011067614,The invisible cows were herd but not seen .
2490,0.31,0.4567109623879164,I 'm not paranoid ! Which of my enemies told you this ?
2494,0.31,0.7752991694244465,Some people take beautiful pictures and cut them into pieces . That 's a puzzle to me .
1508,0.31,0.5384850679517847,"If intervening was an olympic sport , he 'd win the gold meddle ."
117,0.309,0.29687341745525603,Since I 've taken the job in The Everglades I 've been swamped !
3927,0.309,0.07321326724999784,A busy barber is quite harried .
2111,0.306,0.8196728120328771,"She was only a Farmer 's daughter , but she knew hundreds of ways to fertilize ."
688,0.302,0.7146132697983649,A noun and a verb were dating but they broke up because the noun was too possessive .
1468,0.302,1.3828636726406451,"Wife to husband , `` That was an explosive passage of gas , I 'd say about 8.0 on the sphincter scale . ''"
273,0.3,0.5888623850100638,I tinted my hair today . It was the highlight of my day .
3151,0.3,0.7233618140270546,"OLD PROCTOLOGISTS never die , they just butt out ."
3813,0.298,0.543494822098112,Someone who robs shoe stores is an arch criminal .
1806,0.298,0.422987725889787,"Old math profs never die , they just ca n't differentiate ."
3017,0.298,0.49651344471817466,Oil executives are always using crude language .
1716,0.298,0.4885774117683922,To some - marriage is a word ... to others - a sentence .
3901,0.29,1.1074010942963437,OLD CASHIERS never die they just check out .
1754,0.288,0.6148602727608816,A boiled egg in the morning is hard to beat .
2359,0.288,0.15696293626816726,The incontinent Scotsman had a wee accident .
3968,0.286,0.2282299076841892,Greys Anatomy has many humerus remarks .
2498,0.286,0.49000944053329515,He was a restaurant critic but had no taste .
1197,0.286,0.6754588223169776,"OLD BOOTLEGGERS never die , they just keep still ."
151,0.279,0.8028845207397901,A teacher used his index finger to ask a lot of pointed questions .
2606,0.276,0.5777432525308498,The first time he put the horses on the carriage it went without a hitch .
3217,0.276,0.07505461509013078,I tried to look up impotence on the Internet but nothing came up .
3190,0.276,1.0853477442593449,A pickle maker fell into one of the vats at work . At hospital it was determined he had a brine injury .
3980,0.276,0.029194678273916946,I 'll get to it on the 2nd Tuesday of next week .
1947,0.276,0.1472270898476181,Psychiatrists like Kentucky Freud Chicken .
3420,0.273,0.6065091364928037,"OLD ENUMERATORS never die , they just lose their census"
1366,0.27,0.5670481959492581,I really do have a photographic memory -- I just have n't developed it yet .
1594,0.269,0.07416509687666348,"In the army mess hall , the men were getting fed up ."
2078,0.267,0.6110265611026762,Back when the news was written on clay tablets there was a lot of breaking news .
608,0.267,0.05305984009888831,Beaver rallying cry : `` River be dammed ! ''
384,0.267,0.46402021878521416,A lawyer asked his dentist to give him a retainer .
1951,0.263,0.11887881065904007,The book about Teflon contained no frictional characters .
3784,0.263,0.7995189616728753,It was a lucky car . Until he had to push his luck .
1990,0.262,0.6371961069378218,I just got back from a statistical probability conference . It was average .
1779,0.259,-0.3612404104159447,A gossip is someone with a great sense of rumor .
3715,0.259,0.4087704017755172,"Bank Rule : To get a loan , first prove you do n't need it ."
1654,0.258,0.8139850977268791,Why do archers shoot arrows ? Could it be they are trying to get a point across ?
3541,0.258,0.7389710299489916,"OLD ESKIMOS never die , they just go cold ."
104,0.258,0.5254210551445815,Cows make noise only when they 're in the mood .
798,0.254,0.5572321115191974,A jelly truck and a biscuit truck collided yesterday - police are a trifle concerned .
3873,0.254,0.09727052398496583,The two bowlers bore a striking resemblance .
2731,0.25,0.3739990313798719,"Humpty Dumpty had a great fall - and a pretty good spring and summer , too ."
1916,0.25,0.19187487003387046,If you walk along a railroad track you may soon feel run down .
3235,0.25,0.09652897917079353,The boxer 's girlfriend was a knockout .
3024,0.246,0.7262952767370341,Two mathematicians arguing about even numbers were at odds .
660,0.246,0.13929009444289148,Heart surgeons never bypass a good opportunity .
1699,0.245,0.13144528831905275,A group called the Balloons sings pop music .
3764,0.241,0.6115985250223384,"He collects mouthwash bottles , and they 're all in mint condition ."
1133,0.241,0.46914265993311566,If you work in a bakery you may have to take on many roles .
997,0.238,0.9453277760418128,"She was only a Cyclist 's daughter , but she peddled it all over town ."
2072,0.238,0.8130466798692008,My computer is so slow it hertz .
2855,0.238,0.7885840040173062,He did n't want to volunteer for the rodeo but he got roped into it .
3889,0.238,0.8926245685990098,"In times like these the value of Chinese currency should make Americans pay attention . Instead , too many of us just yuan ."
865,0.233,0.8197951952227365,"OLD GEOGRAPHERS never die , they just become legends ."
3071,0.233,0.8043178746499191,"Old carpenters never die , they just lumber around ."
1983,0.233,1.1725368997565964,"Doctor , Doctor , this ointment you gave me makes my arm smart . . - Then rub some on your head ? Next ."
2233,0.231,0.23277120925291592,What 's another word for Thesaurus ?
3340,0.231,0.3901907007394725,People who like yogurt are well cultured .
3089,0.231,0.25703136866209275,I 've always pictured myself taking selfies .
1561,0.226,0.6606284635905981,Some people like raw meat on rare occasions .
1085,0.224,0.14270230381423693,"Let 's visit the tombs , said Tom , cryptically ."
4023,0.222,0.480150289572426,Nothing is so smiple that it ca n't get screwed up .
2961,0.22,0.44430196172825587,A pet store had a bird contest with no perches necessary .
3647,0.22,-0.06050037073817066,"5 billion years the earth takes to form , and we get THIS ?"
148,0.22,0.4488695303420075,"It said `` Insert disk # 3 '' , but only 2 will fit !"
2342,0.22,0.8001124887772879,"OLD WATCHMAKERS never die , they just wind down ."
2316,0.219,0.43214721215289464,Yesterday a cow saved my life - it was bovine intervention .
535,0.216,0.4284420343291567,"Ummm , trouble with grammar have I ? Yes ! -- Yoda"
3196,0.214,0.215285134918281,"When you dream in color , it 's a pigment of your imagination ."
2607,0.214,0.616894726789095,"My name is Sandy , I just hang around the beach ."
1838,0.214,0.9589140202856736,"OLD PROGRAMMERS never die , they just get bugged with life ."
3569,0.214,0.6319801478870412,OLD PAINTERS never die they just get plastered .
2582,0.213,0.12050502741298003,The aluminum foiled my plans .
898,0.213,0.430636655048089,Scarecrows are always garden their patch .
612,0.208,0.5253738857226528,"Have an optometrist run for president , because they are people of vision ."
1788,0.207,0.6672210934743776,The statistician attended the dance stag . He did n't have any data .
2597,0.207,0.6708935432881971,"He hates his job selling used cars , but it 's just his lot in life ."
1577,0.207,0.6579835298747001,"OLD HOCKEY PLAYERS never die , they just achieve their final goal ."
5,0.207,0.6366045387372512,"Ever since my mineral extraction facility was converted to parking , I 've had a lot on my mine ."
34,0.206,0.3374162589241158,I 'm a sap for tree jokes .
3897,0.206,0.5659624552483803,"The mathematics professor , lamenting his students ' lackadaisical approach to trigonometry , sighed , `` It 's a sine of the times . ''"
136,0.206,0.8109801603082561,The inventor of glass decided to see it through .
1150,0.2,0.22584250560718727,Hotel owners usually have suite dreams .
2807,0.2,0.6032570988911117,He has been a jogger for three years running .
3690,0.2,0.7046389860444495,She was only an Apple-grower 's daughter but the men said she was delicious .
194,0.2,1.0572569666145837,"The racers all had shorts on that were too small for them , so it was a tight race ."
3799,0.2,0.44222754296043615,The couple grew fruit trees and lived to a ripe old age .
3189,0.2,0.4507722706752147,"A Crucifix ? Oy vey , have YOU got the wrong vampire ..."
1254,0.2,0.8082308830760974,I was looking for watch batteries but I wound up at a clock shop .
2085,0.2,-0.012512610533313547,"And Homer saith unto them , `` D'OH ! '' -- Bart 17:3"
1737,0.2,0.1850722739828759,"If you want those ashes , you 'll have to urn them ."
4007,0.194,0.7124214496709421,OLD MILKMAIDS never die they just lose their whey .
1100,0.194,0.9106187125208827,"Kentucky Fried Chicken , looking to expand into the area of low-fat dining alternatives , has begun selling popcorn . Their new motto is , `` Look for the kernel . ''"
3832,0.193,0.07057812812704545,I wish Noah had swatted those two mosquitoes .....
2862,0.193,0.6805194386447553,A fisherman hated fish and chips but he did n't tell a sole .
775,0.193,0.36750504696784236,A china doll was marked in tiny letters : 'maid in USA ' .
2712,0.193,0.4086580698891815,Illusionists always find themselves in tricky situations .
2362,0.192,-0.21130593131743391,"When an Agnostic dies , does he go to the Great Perhaps ?"
2923,0.188,-0.40900841891190076,Martians welcome . We have space for everyone .
3959,0.186,0.7786320095489323,OLD MECHANICS never die they just retire
1602,0.186,0.8958056915838084,Upon discovering her children playing with matches their mother was flaming mad .
2487,0.186,0.957210259440886,"OLD PLAGIARISTS never die , they just steal away ."
3453,0.186,0.8764294248279071,"If it ai n't broke , let me have a shot at it ."
1776,0.186,1.2773746424940902,OLD TEACHERS never die they just lose their class .
3582,0.186,0.8097353019097092,It was n't school John disliked it was just the principal of it .
2632,0.185,0.12126859038059973,"I 'm not afraid of flying , I 'm afraid of crashing ."
2226,0.185,0.5452126397394972,"When the electrican apprentice made mistakes , his mother grounded him ."
3836,0.185,0.43568073349282355,The inventor of shag carpet made a big pile .
95,0.184,0.7753107343185244,When asked to picture the perfect modern defensive weapon the Claymore springs to mine .
1913,0.182,0.06533950810364716,"'' I have n't had my photographs developed yet , '' said Tom negatively ."
3757,0.18,0.9179369472280778,"OLD VACUUM CLEANER SALESMEN never die , they just get sucked in !"
503,0.18,1.0941974847699805,A pirate with one hand often picked up the phone . He wanted to get off the hook .
2113,0.18,1.0309310606186846,The personal trainer quit his job because it was n't working out .
1451,0.175,0.48999421996270653,"Some jokes get dated , other jokes get married ."
1908,0.175,0.18859560363188604,Betty Crocker was a flour child .
1510,0.175,0.4506295992014261,The inventor of chewing gum soon bubbled his money .
554,0.172,0.2549463826867244,Finding all possible logical relations between a finite collection of sets is not a matter of If but Venn .
3140,0.172,0.028453035451327907,Podiatrist malpractice : Callous neglect
264,0.172,0.9325162458152395,"After a day of changing her triplet 's diapers , the new mother was feeling rather pooped ."
2782,0.172,0.9725235144003609,She played baseball and so did he . They hit it off .
182,0.172,0.4252764121473276,"'' I need a pencil sharpener , '' said Tom bluntly ."
751,0.167,0.891828278951738,"OLD GAMBLERS never die , they just get discarded ."
274,0.167,0.7203227355249554,I went to see my guru but he was n't omm .
2684,0.167,0.2345150125619141,We are n't surrounded . We 're in a target-rich environment .
3608,0.167,0.6144298513356188,He had trouble in his new job making tents and got himself into a flap .
1980,0.164,0.45710568357341275,Life after death for evil doers has always been a hot topic .
1569,0.164,0.44746617946511136,For meat some people eat lamb and mutton else .
676,0.164,0.618263139583256,People who make motor oil are very refined .
2729,0.161,0.7810051982302257,"OLD PICKPOCKETS never die , they just steal away ."
355,0.161,-0.10521418095626711,Objects under T-Shirt are larger than they appear .
2312,0.161,0.49109019393861925,Remember when safe sex was not getting caught in the act ?
3900,0.16,-0.08499070356397959,"Everyone talks about the weather , but nobody does anything about it ."
3005,0.16,-0.10203380226211846,Insanity is just a state of mind .
3812,0.16,1.0115480846921026,"Little Bo Peep grew tired of the daily search for her lost sheep and decided to keep them in the garden area close to her house . Since she no longer had to spend her days tracking down her wayward herd , Bo decided to take up the hobby of flower gardening . Now every morning Bo Peep goes out to tend her phlox ."
1293,0.158,0.005787901564307668,Two wrongs can make a riot .
3937,0.158,0.5111586916435265,"She was only a Bookbinder 's daughter , but she knew her way between the sheets ."
900,0.158,0.07773450116304664,"I hate sweet potatoes , Tom yammered ."
1865,0.158,0.0219970752854328,Cane sugar ca n't be beet .
1171,0.158,0.05255129770196493,She started a new courier business for an express purpose .
2011,0.156,0.8007217629661647,"OLD UPHOLSTERERS never die , they just recover .."
987,0.154,0.6446815951245084,"After a cold winter , will deciduous trees be releaved ?"
3575,0.154,0.6735484544117303,Hangmen always keep their customers in the loop .
1263,0.153,0.7084155579828415,I 've never killed a deer before but I 'll take a shot at it .
272,0.153,0.7680308967322984,"OLD SALESMEN never die , they just go out of commission ."
2230,0.153,0.5227760625691911,Gardeners like to plant their feet firmly .
3703,0.148,0.3985669005158434,Good police officers never miss a beat .
2025,0.148,0.644888785873075,Our bikinis are exciting . They are simply the tops .
227,0.148,0.7334996617948752,"Although he perfected his comic routines on the mainland , his best audiences were in the aisles ."
3993,0.148,0.1639865770094133,Morticians make you feel dead gorgeous .
3439,0.148,0.4786441304130056,Sign at a place where you lose weight : 'Stop Look and Lessen ' .
2492,0.143,0.2340398195779323,The salesman was peddling used bikes .
2491,0.143,0.987002476213632,"OLD UNIVERSITY PRESIDENTS never die , they just lose their faculties"
196,0.143,1.0452157792761785,The Chinese chef maliciously dumped a hot broth with dumplings on an obnoxious customer . It was a wanton soup attack .
1362,0.143,0.6604648996766173,The optical scientist who stole his colleague 's bifocals was sentenced to three years in a state prism .
1603,0.143,0.6761057803560566,At shearing time there are some sheep thrills .
1025,0.138,0.12796685674530303,Bee keepers always manage to keep buzzy .
2528,0.138,0.814763332925321,How do bunnies that do n't have a car commute to work ? The Rabbit Transit .
113,0.138,0.5916968915556953,"I like hot fudge sauce , but never on sundays ."
1748,0.138,0.3039709712169867,Golden Rule : He who has the gold makes the rules .
1904,0.138,-0.2271051953654942,Cats remind us that not everything in Nature has purpose .
920,0.133,0.6050988997975826,A politician decided to resign on the day of an eclipse because it was a dark day .
3129,0.132,0.7680658656231543,Two referees went head to head because they had a score to settle .
1991,0.129,0.8488278102386917,When the janitor wanted to take up public speaking he always had the floor .
441,0.127,-0.09743831968720716,"'' 3.14159265 , '' Tom said piously ."
2947,0.123,0.06986917261266104,The fertiliser business is a growing industry .
1502,0.123,0.296562878709199,He put bug spray on his watch to get rid of the ticks .
1493,0.123,0.23245346831791608,The prodigal son was having a bad heir day .
3245,0.123,0.02578718953444939,Convicts are committed people .
1975,0.123,0.1660665042035173,A contest held by fire fighters is called a 'match ' .
1800,0.123,0.5892303118518666,"Chimney sweep 's daughter , but she soots me fine ."
217,0.123,0.9450962532043662,The body builder worried too much about the lifting contest and his trainer concluded that the mind is a terrible thing to weights .
1518,0.123,-0.0393259069200485,"Happiness is a warm puppy , said the anaconda ."
3989,0.123,0.17112340759988076,A six foot poet stanza very tall .
157,0.119,0.02905872780454903,"The poet had written better poems , but he 'd also written verse ."
2864,0.119,0.5209815676369289,"She was small , slender with doe like eyes . ''Oh , my deer , '' he whispered ."
2364,0.119,0.44595033245689086,A guy swallowed a spoon and found he could n't stir .
2437,0.119,0.8043973727781012,The little green men told me it was the Dog Star . I told them they ca n't be Sirius .
2739,0.115,1.3012171619470896,A doctor who became a bartender was always giving out shots !
3287,0.115,0.8475316364174112,Did you hear about the man who was jabbed in the back with a set of keys ? His back locked up .
1839,0.115,0.8051346746567665,After that poisonous snake struck at me in the Arizona Desert I was really rattled .
3640,0.111,0.6576200208166014,The owner of the hair salon had to make cuts on his staff .
525,0.111,0.6274510361651087,"The man found something to catch fish , which was a net gain ."
510,0.111,1.0015590547236681,I got a great bargain the other day when I bought a forklift for half-price . It 's amazing what you can pick up these days .
303,0.111,0.5059593277831008,People in medieval days were always hanging out by the gallows .
1132,0.108,0.454870340154953,"She was only a Watchman 's daughter , but any time suited her ."
3210,0.107,-0.2584215930006374,To hell with criticism . Praise is good enough for me .
3966,0.107,0.7226943441315385,Saw makers losing money have to make lots of cuts .
1881,0.107,0.5072695661365687,Can bankers count ? Eight windows and only four tellers ?
160,0.103,0.9378167474667685,The Junior NCO had sore wrists . The doctor said it was corporal tunnel syndrome .
3028,0.1,0.28290807114714916,When you ca n't decide with your friends whose place to have a party at it 's known as party politics .
3281,0.1,0.9568823680398152,A cloth maker 's daughter told him she was too young to dye .
2442,0.1,0.4076012332860538,She was only a Sailor 's daughter and how she loved seamen .
1736,0.097,0.5317876999632745,"Old sailors never die , they just get a little dinghy ."
1485,0.091,0.982140694386364,He realized he 'd made the major leagues when it finally hit him .
3559,0.091,0.6304081583876042,The seed company turfed out my idea for ready made lawn .
2906,0.091,-0.00579727652919787,A fight over love and money would be duel purpose .
3406,0.091,0.8280737533316934,OLD WHEELS never die they just get retired .
3236,0.088,0.49272095445677927,Kings sometimes found that uprisings were a peasant surprise .
2645,0.088,0.3957098717603746,He was able to listen to his favorite radio show in the morning because he had an AM radio
4020,0.088,0.11901536257113719,Some diets cause a gut reaction .
2763,0.087,0.9141788970998028,"The tired playgoers decided to bypass the new production of `` Othello '' despite the good reviews ; having just returned from a long trip , they did n't feel like seeing any moor of Venice ."
3097,0.085,1.0099273321172175,Old presidents never die they just keep going through their cabinets .
1330,0.085,0.413756548516257,The building inspector said whoever installed the water pipes was plumb loco .
3583,0.085,0.3352877282860358,Overdrawn ? No way ! I still have checks left !
248,0.085,0.9425262572669849,"Old electricians never die , they just get discharged ."
267,0.085,1.0494230833899392,"She was only a Grape picker 's daughter , but she was never Chablis dressed ."
2350,0.085,0.053613437157302504,Sick fish go to the sturgeon .
1178,0.085,0.1927403942073545,"Never draw fire , it irritates everyone around you ."
2589,0.083,0.698304473256444,"This building is so high , the elevator shows movies ."
2131,0.082,0.9510410543598422,"OLD BLASTING TECHNICIANS never die , they just lose their spark ."
3415,0.082,0.806620280678043,There are many judges who would like to acquit smoking .
897,0.082,0.010513443882497017,The vegetable never taken aboard ship is a leek .
3881,0.08,0.061012860337006036,My name is Hans . I 'm a manicurist
3852,0.079,0.8344647567324879,If you 're stiff as a board it could be the lumbar .
3191,0.074,0.17742216933445948,"Life is short , eat dessert first ."
3036,0.071,-0.17945334946013702,You go to heaven ... God sneezes ... What do you say ?
3514,0.069,0.46735150127223674,A restaurant owner gave his cooks a stirring speech .
2565,0.069,0.0661434340518577,Talk is cheap -- supply exceeds demand !
767,0.067,0.14926955040531162,'Change the channel ' she said remotely .
3148,0.067,0.8513285051945568,I was studying in an apiary class . This resulted in me receiving a bee on my exam .
3846,0.065,0.3603147857815526,The environmentalist rode his bike 20 miles in the morning and 20 more in the evening . He loved recycling .
2888,0.061,0.6519094563846113,Never make fun of a Scotsman 's traditional garb . You could get kilt that way .
2047,0.057,0.07994174626058852,Good girls go to heaven . Bad girls go EVERYwhere .
3237,0.057,-0.09218784510280115,The pirates buried their treasure in the twinkling of an aye .
1930,0.055,0.06743699629360403,"'' I want a motorized bicycle , '' Tom moped ."
752,0.053,0.6034771129653012,"I went to the dentist without lunch , and he gave me a plate ."
164,0.051,0.14884816319679361,Ask me about my vow of silence ...
1116,0.051,0.22790718954994066,Double your hard disk space : DELETE WINDOWS !
4010,0.051,1.3324294912774293,"Even covered in salad dressing my lettuce looked bare , so I put some cloves on it ."
2485,0.049,0.41589848159146015,The pistol of a flower is its only protections against insects .
3033,0.049,0.9982599979279405,Sometimes a pencil sharpener is needed in order to make a good point .
2568,0.049,0.159030385841955,An unusual medical book is one which has no appendix .
3724,0.049,0.014754820355612527,Vertical living is flat dwelling .
507,0.049,0.1326484187626384,"Do I straddle the fence on issues ? Well , yes and no ...."
348,0.048,0.6947379070239146,Cheating on a test can put honorable students in conflict with their principals .
438,0.042,0.7495301625422001,"OLD SOCCER PLAYERS never die , they just lose their kick ."
3562,0.04,0.23241838384023045,"In the winter , some horses are Friesian ."
1269,0.04,0.13270987417355123,The gunman took a shot at new opportunities .
2711,0.038,0.23310849008341789,"That horse looks like a good bet at 17 to 1 , said Tom oddly ."
3542,0.037,0.3492068043556259,Some doting parents are son worshipers .
1324,0.037,-0.36904100201869783,Love can be a touchy subject .
1914,0.037,0.0413015303446239,A fool with a tool is a well-equipped fool
621,0.037,0.02253836217978672,Reward for a job well done : more work .
793,0.036,0.19312532528026483,96.37 % of all statistics are useless ..
2834,0.036,0.81597796418557,"She was only a Gardener 's daughter , but she knows all the rakes ."
532,0.036,0.7897516652872798,After he carried a gun in his car the engine was soon shot .
943,0.036,0.3643428225998159,During branding cowboys have sore calves .
25,0.036,0.1726657562776382,When the pirate captain 's ship ran aground he could n't fathom why .
1492,0.036,0.44250397908144135,He does the work of 3 men .... Larry Moe & Curly .
2647,0.036,0.3116860708932513,"''Eating uranium makes me feel funny , '' said Tom radiantly ."
2795,0.034,0.765446999122471,"Waiter , my bill please . - How did you find your luncheon , sir ? - With a magnifying glass ."
1586,0.034,0.6304734548924653,You wo n't often catch loggers or farmers going against the grain .
2410,0.033,0.5329120263267324,What happens when you get scared half to death ..... twice ?
681,0.033,0.045615225586796565,The family elders have relative importance .
400,0.032,0.7569685076873391,He who hogs the sheets is usually very wrapped up in himself .
3635,0.031,0.5816849987841513,To draw cartoons for a living requires someone who is very animated .
3956,0.031,0.05570485403842573,Here is how the track meet is going to run ...
3962,0.022,0.11774045969386765,"Despite the high cost of living , it remains popular ."
575,0.02,0.13251600058028712,I love to eat eggs at the crack of dawn .
1906,0.02,-0.011490840677997619,The color of the sun in the early morning : rose .
288,0.018,0.8211885849314855,Careless stair dancers are heading for a heavy landing .
1563,0.017,0.6670034344676489,She swallowed a peach seed and could feel it in the pit of her stomach .
1804,0.017,0.9463833317654177,Piano players are considered to be Baldwin they lose their hair .
3086,0.017,0.30096506151699653,Conjoined twins are n't the only twins with special connections .
1807,0.017,0.35636655504250697,"If your waiting for something to turn up , try your sleeves ."
1026,0.017,0.33213322215562757,Behind every great computer lies ... a mess of wires !
69,0.016,0.17197049784127233,A motorcycle rider with bad teeth is the leader of the plaque .
951,0.016,0.32813588810559946,The duke and the count had a fight . The duke was down for the count .
2398,0.0,0.5199552866573913,"I did n't want to buy leather shoes , but eventually I was suede ."
3722,0.0,0.2719277629477857,Molecules boiling points vary to some degree .
3165,0.0,0.5214494526303806,"OLD GANGSTERS never die , they just go to the underworld .."
821,0.0,0.2870746987240344,"As usual , the chief meteorologist blustered his way through the staff meeting ."
3560,0.0,0.5298999368839395,Dairy Queen is n't the only place with awesome Sundays : )
828,0.0,0.5444533930214707,Inflammatory talk is often seen as propane language .
395,0.0,0.31608439189499216,Photographers are often very candid people .
3572,0.0,-0.03153317638792472,"Better to remain silent and be thought a fool , than to open your mouth and remove all doubt ."
1480,0.0,0.49339351588595914,"As I revived her using mouth to mouth resuscitation , in spite of my lisp , I could n't help noticing her beautiful breaths !"
1720,0.0,0.5934904442715958,A janitor with a broom in hand swept her off her feet .
2048,0.0,0.043627592449680036,The evil onion had many lairs .
1579,0.0,0.9253563766086624,"Madame : `` Now remember , girls , when handling royalty the important thing is to keep up your dukes ! ''"
1538,0.0,0.1120917655815243,Armadillo : A mouse built to government specs .
3986,0.0,0.06934557145385781,Two rites make a wrong where bigamy is concerned .
3056,0.0,0.22892323374656182,The pun in the title of the play `` The Importance of Being Earnest '' was a Wilde idea .
584,0.0,-0.22812774329307212,Anxious about the future ? Psalms read every Sunday .
494,0.0,0.044734933940453525,"Two can live as cheaply as one , for half as long ."
414,-0.016,0.3479263171547423,"When he switched from horses to sailing , his life took on a new tack ."
139,-0.016,0.7698655467170324,"OLD RANCHERS never die , they just breed their last ."
2560,-0.016,0.3602379859160708,Two companies that manufactured rulers decided to align .
1292,-0.016,-0.025564987832567776,God cures and the physician takes the fee .
653,-0.017,0.013470990790389225,Canadian DOS prompt : EH ? \ >
4028,-0.017,0.3964896010274215,Anything not nailed down is a cat toy .
1528,-0.017,0.1508699109230492,We found a dead crow in our front yard but have yet to hear the caws of death .
99,-0.018,0.6115854093142188,I 'm sick ! I ought to be home in bed with a nurse .
3611,-0.018,0.20099500201502218,Two cheerleaders got married after they met by chants .
2387,-0.018,1.02929150614329,Piano players know what bar they are in .
1352,-0.018,0.8917516872996113,My job as head chef at a top rated restaurant is in jeopardy because my latest culinary creation was called a recipe for disaster .
1276,-0.018,0.6276046729203516,A dry cleaners had a dozen suits in court .
1129,-0.018,0.18669089380966344,I really regretted the inconsiderate comment I made . It was rued .
2134,-0.019,0.6286555982933159,Who do you have to sleep with to get service around here ?
2137,-0.02,0.17433171236089667,Ultimate office automation : networked coffee machines .
1899,-0.02,0.40899410679567894,The port was very beautiful . The sailors said it was haven on earth .
2845,-0.02,0.38766841204751296,Diplomacy : Saying `` Nice doggie '' until you can find a rock
1961,-0.02,1.4012829049024969,"OLD TRIGONOMETRY TEACHERS never die , they just lose their identities ."
3233,-0.032,0.38653209165483104,Truckers like houses with long haulways .
3739,-0.033,1.0157932552902493,"OLD TYPISTS never die , they just lose their touch ."
1099,-0.033,0.8236557411994518,"If it jams , force it .... If it breaks , it needed replacing"
3342,-0.033,-0.0907194430869546,My name is Tellie . A gossip columnist
2679,-0.033,0.1631761976645013,The gardener brought his hoes .
3964,-0.033,0.5216605333209672,A professor without a pointer may find that his lecture is pointless .
1922,-0.034,0.929538016882242,"OLD PLANETS never die , they just lose their attraction ."
1359,-0.034,0.5340623390075959,Pharmacists find their work to be very encapsulating .
1517,-0.034,0.7520169399326336,OLD STATUES never die they just get busted .
2747,-0.034,0.8729235552495931,"OLD PROGRAMMERS never die , they just move to new addresses ."
3430,-0.034,0.8695780538067839,"When potato chips do n't sell fast enough , the maker knows it will soon be crunch time ."
2816,-0.034,0.6316737030341553,Burning too much incense in a rented room could make the owner incensed .
1651,-0.034,1.1551763246896731,"When the glazier was sent to the hospital room to check the cracked window , he told the patient in the body cast , `` I 've come to feel your pane . ''"
834,-0.034,0.19357333902579538,The river crested when a factory spilled toothpaste into it .
517,-0.036,0.5778343994138172,In certain sexual harassment cases things can get kind of touchy .
1921,-0.037,0.1261365890654694,The cost of a galvanized hull is enough to zinc a ship .
2749,-0.038,0.4929368604674005,"My friend came around for dinner . We ate for 20 minutes , then he fainted again ."
2693,-0.038,0.09207582245746365,"If you 're not the lead dog , the view can be very interesting !"
271,-0.049,0.4730755004793598,"As a young boy , Brutus ' mother often cautioned him not to run with Caesars ."
1486,-0.049,-4.941772779224356e-05,Tweety of Borg : I tawt I attimilated a Puddy Tat !
1642,-0.053,0.7264457070353476,"OLD SAILORS never die , they just lose their porpoise ."
2209,-0.053,0.41524891017813853,"''This is where I keep my arrows , '' said Tom quiveringly ."
1935,-0.055,-0.015864298448053107,Today is a good day for you to jump in a lake .
1215,-0.055,0.6254497345320061,My friend is very paranoid . He says people are either foe him or against him .
3850,-0.055,-0.046979962917403265,"I 'm dying , Tom croaked ."
3499,-0.057,0.8504732522636661,Dentists on death fill their last cavity .
520,-0.057,0.09371701644815436,"Hey , is this yours ? Your dog left it on my lawn ..."
1996,-0.065,0.2467675206850757,Why is the word abbreviation so long ?
3327,-0.065,0.8780605530101246,Eating too many snacks when studying for a test is called cramming .
293,-0.067,0.16223465644162655,A pair of loud twins were stereo speakers .
556,-0.067,1.2746295310128954,"While baking , I dropped a stick of margarine on the wooden tile floor , and when my neighbor slipped and fell , I said `` It must have been the parkay . ''"
1392,-0.069,0.3768429427734178,"It 's between my sole and my heel , said Tom archly ."
675,-0.07,0.11140245638454602,"''It 's my personal magnetism , '' said Tom ironically ."
3422,-0.071,0.6191738624434077,Figure skaters do n't like to be in a rut .
1137,-0.071,0.27051533777189607,Stick em up ! < BANG > Okay .... DO N'T stick em ' up !
3603,-0.071,0.10274207327065425,A skunk fell in the river and stank to the bottom .
1039,-0.071,0.6639397532709759,We ’ ve got children ’ s church because we know how to kid around
1854,-0.071,0.31913375904734903,The hotel regrets that you do not find your rooms satisfactory ; I will send up our sweet manager right away .
106,-0.074,0.13375714563235047,Bureaucrats cut red tape -- lengthwise .
3821,-0.077,0.3113181465026976,Please return stewardess to original upright position
1851,-0.08,0.8218553690869341,"I went to buy some property with a hill on it , but it was a little steep ."
351,-0.085,0.4630645897295338,The suspect 'Sheppard ' was finally taken into custody after authorities caught him on the lam .
1852,-0.085,0.4153556395289621,You 've got more issues than Time magazine .
3914,-0.088,0.35770341922938076,"He would promise to play golf , but he did n't know how to follow through ."
903,-0.088,0.44206097094320423,"Plough deep while sluggards sleep , and you will have corn to sell and keep ."
427,-0.088,1.072370796364461,"OLD LAUNDRY WORKERS never die , they just are decreased ."
310,-0.088,0.33943748126073525,"I never get lost , just momentarily disoriented ."
3713,-0.088,0.4993132393158243,"'' I chop down trees for a living , '' said Tom lumberingly ."
76,-0.091,0.5360642995850029,I knew that the spirit could n't float around very long . What ghost up must come down .
1721,-0.091,0.404049451185876,When a duck is feeling down he might just be happy .
728,-0.091,-0.012884322741999188,The Ennui Society elected a new chairman of the bored .
3960,-0.091,0.3133759277067963,The most expensive component is the one that breaks .
1988,-0.091,0.8855484580042323,"''Waiter , there 's a fly in my soup ! '' ''Force of habit , sir , the chef used to be a tailor ."
1455,-0.098,0.33362874892393757,"If the theists all shut up , the gods would be speechless ."
662,-0.102,0.038705330652258396,"In War of the Worlds , humans survived the attack because of their unalienable right to life ."
777,-0.103,-0.1384147960593065,Real estate agents believe in doing good deeds .
1378,-0.103,0.2528072720032652,She said she had nothing to wear . I smiled .
3860,-0.103,-0.09407760220718027,Women who seek to be equal to men lack ambition .
827,-0.103,0.37167130120919856,Life is a game . Money is how we keep score .
989,-0.106,0.2973062400201725,"'' I 'm just an ordinary soldier , '' Tom admitted privately ."
750,-0.106,1.2768263434031417,I pricked my finger badly while trying to find a needle in my wife 's sewing box . It was a crewel turn of events .
3199,-0.107,-0.5139170307651089,Success is just a matter of luck . Ask any failure .
886,-0.107,0.18691095911308656,"My name is Charity , a televangelist"
1244,-0.107,0.18157099634851018,Cleopatra was the Pharaohs one of all .
626,-0.111,0.13162684060856306,"I 'm not a crook , Nixon said resignedly ."
3585,-0.111,0.14314703001116968,Thieves have muscles of steal .
2145,-0.115,0.1693650569674258,Fishers often wet their appetite .
1331,-0.115,0.262263022123087,Never ask pardon before you are accused .
1641,-0.115,0.045596517855379104,"If you lie down with dogs , you 'll get up with fleas ."
3127,-0.119,1.018180558113806,"OLD TYPISTS never die , they just lose their justification ."
30,-0.123,0.800482753548204,The candle-making machine broke down when someone threw a spanner in the wax .
2218,-0.123,-0.31141675648989586,50 percent of something is better than one hundred percent of nothing .
3728,-0.123,0.991131573266307,OLD ACTUARIES never die they just get broken down by age and sex .
1909,-0.129,0.9874197878122247,You have to give credit to people who work in stores during a holiday - and many people do .
2358,-0.132,0.3955723308087165,Don ’ t let your footprints in the sands of time be the mark of a heel
2826,-0.133,0.5525714502139385,"There 's nothing to stop me putting things in tins , said Tom cannily ."
89,-0.133,0.3747356671443155,The vendor at the Arab market resented how I haggled and told me to take a haik .
3745,-0.137,0.5206002539905218,The tightrope walker gently took a step at a time and always wore diamond-laced slippers . The spectators always would stare in awe at the tightrope walker 's feat .
200,-0.137,0.2654508863428022,"If you think that mutt made strange sounds as a pup , you should hear him grown ."
958,-0.138,0.5955333023426833,For children to eat without washing their hands would be a grime .
2419,-0.138,0.12369427547505349,The ultimate liquid measure is the supreme quart .
257,-0.143,0.4846588503609446,"We 're all sitting in the same boat : I fish , you row ."
2708,-0.143,0.006643299589859597,"A good surgeon has an eagle 's eye , a lion 's heart , and a lady 's hand ."
3176,-0.143,-0.0019459254626011668,What 's the deal with negotiations ?
27,-0.143,0.24165264125827948,Pick Pockets 50 % Climb Walls 75 % Steal Tagline 99 %
1265,-0.143,0.7069308689236979,It 's a cracked pitcher that goes longest to the well .
820,-0.143,0.41026637003519945,"Humpty Dumpty was pushed ! Well , I saw it on X-Files ...."
1565,-0.143,0.25637539605183945,Can you read music ? the bandleader asked notably .
795,-0.143,0.5299325977881171,Eve taught us it ’ s okay to take a little ribbing
2585,-0.143,0.7830374082660727,Those who have icicles keep a stiff upper drip .
1036,-0.148,0.9951642340295479,"Okay , I pulled the pin . Now what ? Where are you going ?"
1667,-0.148,0.23308636507286365,"After winter , the trees are relieved ."
2994,-0.153,0.5273774490992585,People have a happy time vacationing in Ireland because they are walking on Eire .
1202,-0.158,0.18232529251687724,"I 'm not dead , I 'm metabolically challenged ."
568,-0.164,0.5826897864570402,"OLD GARAGEMEN never die , they just retire"
3395,-0.164,0.48044973813142255,"When the goat ate a Scrabble set , the letters came out in alphabetical ordure ."
2386,-0.167,0.39471456591257265,"She was only a Moonshiner 's daughter , but I love her still ."
2171,-0.167,0.5684840437781813,''How do you start a model-T Ford without a battery ? '' asked Tom crankily .
218,-0.167,0.2076984316378277,''Where shall I plant these water lilies ? '' Tom pondered .
3501,-0.172,0.016568642843022983,"Circular Definition : see Definition , Circular ."
870,-0.174,0.7224689853686797,"Because they moved into an apartment , they did n't need to cut the grass any mow ."
295,-0.176,0.4856328264995562,"''The policeman charged me twenty bucks for speeding , '' said Tom finally ."
1266,-0.179,0.7259059294919583,"When the doctor asked the editor how he was doing , he said he had a problem with his circulation ."
290,-0.179,0.6276852745806427,At a flower show the first prize is often a bloom ribbon .
3015,-0.179,0.4948868962471393,"So that 's the way the wind blows , said Tom vainly ."
962,-0.185,0.007559678513539503,"During his lifetime , the composer Bach was a noted success ."
3753,-0.185,1.0069275640247377,"As anyone who has ever lived in the area can tell you , life is different in Montana . Since golf courses are often placed in areas ideal for hunting , most golfers carry a hunting rifle in their golf bag and when the opportunity presents itself combine their two favorite pastimes . Recently one such sportsman got lost and had to stop for directions asking , `` Which way to the lynx . ''"
1183,-0.192,0.16664416158876266,"If you ca n't make it good , make it expensive ."
3701,-0.192,0.034151797337059725,"'' I like ragged margins , '' said Tom without justification ."
1897,-0.2,-0.01908354121385565,My name is Mike . I 'm an announcer
1307,-0.2,0.4590447277428694,"Old chicken farmers never die , they just have a dozen aches ."
2561,-0.2,0.4621705192366362,Do you ever get tired of sleeping ?
2718,-0.2,0.5401478062018834,"Arriving late , Senator Kennedy slipped on a banana peel and fell in a heap , resulting in a humerus break in the midst of the subcommittee 's intense discussion ."
2206,-0.207,0.44567261480340736,"This is where I keep my arrows , said Tom , quivering ."
2962,-0.208,0.2963256903157323,"''Here 's your allowance for the next two weeks , '' Tom advanced ."
3746,-0.208,-0.008631054300637667,Could modern submarines be the wave of the future ?
1289,-0.208,0.8651454096519536,Her decision to take up rock climbing was precipitous to say the least .
2408,-0.214,-0.2907463817683795,Resist everything but temptation .
3310,-0.217,0.17529501815671078,Do n't cross a bridge before you come to it .
3487,-0.22,-0.1542400829232423,When talking nonsense try not to be serious .
1607,-0.222,-0.09422766481235192,"I love hockey , said Tom , puckishly ."
376,-0.224,0.3310456190776251,A preposition is a poor word to end a sentence with .
3085,-0.227,0.1257086349817177,One might as well be hanged for a sheep as a lamb .
668,-0.228,0.20684683530008366,When the fog burns off it wo n't be mist .
2617,-0.231,0.1027277647218744,A budget helps us live below our yearnings
756,-0.233,0.3595788523226845,After coming to work and play musicians come home suite home .
2324,-0.236,0.8963728177073486,"When Plato discovered he was out of food , he decided to go shop at the stoa ."
1863,-0.241,0.21064755441815947,Give a dog a bad name and he 'll live up to it .
1829,-0.245,0.2610028641005877,What 's the name of that street in Paris ? asked Tom ruefully .
3136,-0.245,0.20994210883590714,Geology class is the foundation of a decent education .
546,-0.245,0.5737311944136944,"Did you hear about my friend who hired out vampires and poison , and my other friend who ate children ? Could say the first one was the lessor of two evils ."
2810,-0.245,-0.10567644739272661,"''Once upon a time there was a beautiful princess , '' Tom began grimly ."
1162,-0.246,0.3964678883710109,I 've met zucchini with more potential .
215,-0.25,0.03291411571532045,"''This boat is leaking , '' said Tom balefully ."
1415,-0.25,0.3047964317112914,True Multitasking = 3 PCs and a chair with wheels !
2328,-0.25,0.06662052542535306,"I 'll tempt Adam tonight , she said evilly ."
3970,-0.255,0.4165816569045203,Oops . -- Richard Nixon
2058,-0.255,0.16149918987835174,The Arab 's opulence was obvious from his chic clothing . ''
863,-0.255,1.3074565145209873,Getting this job managing a country estate has put me off fried eggs . I 'm a gamekeeper turned poacher .
1402,-0.255,0.2743582443081297,Pasteur was boiling about not being invited .
3589,-0.258,0.4907469042158636,A waterbed may just be the vinyl resting place .
189,-0.259,0.004481272688509438,Ohm resisted the idea at first .
3466,-0.259,0.0820831249492531,"I flunked my exam , said Tom , testily ."
1588,-0.259,0.06707768613219223,To some Christmas is about other people 's presence .
1373,-0.263,0.012866770401587242,Balls ! Tom said roundly .
430,-0.265,0.26138384777477475,"What a tangled web we weave , when first we practice to deceive ."
3695,-0.265,-0.29057294709535086,My name is Cary . I 'm a porter .
2270,-0.267,0.7786384478387216,"For every 45 I collected , I would write down the song and the artist so I could keep records ."
2713,-0.269,0.4540181478373735,"Have another soft drink , Tom coaxed ."
3197,-0.269,0.7247853522664935,"Nearing the end of his sentence , the convicted Wall Street wizard , feeling both oddly safe in his spartan confinement but not quite penitent for his overzealous trading misdeeds , feared and anticipated his release , nightly dreaming of his long cherished hard sell ."
3475,-0.269,0.7517808519916305,Some business graphs are full of legend .
1956,-0.273,-0.10479060529240304,The best defense against logic is stupidity .
2258,-0.273,0.49975922879956686,Would you like some soda in your whiskey ? asked Tom caustically .
2948,-0.273,0.4583077052277706,When buying a battery you should never have to charge it .
964,-0.276,-0.034517242651533206,Hell hath no fury like the lawyer of woman scorned !
800,-0.28,0.26425995886855796,A drowning man will clutch at a straw .
3425,-0.28,-0.07617495334633465,A reconciled friend is a double enemy .
3550,-0.286,-0.21032930034651312,"From those to whom much is given , much is expected ."
1320,-0.288,0.3728758390604034,Modern fashion designs are often presented with tongue in chic .
1901,-0.292,-0.06521057158115483,Are evil wildebeests bad gnus ?
1372,-0.292,0.32061044254808213,"'' I will now demonstrate how to dissect a sheep , '' delivered Tom ."
1144,-0.292,0.16084908720458962,Priests ca n't marry without prior approval .
2173,-0.294,0.4403113568747402,Have you ever read the Rime of the Ancient Gardener ? It was written by Samuel Taylor Foliage .
1015,-0.294,0.351686551218917,"Have a ride in my new ambulance , said Tom hospitably ."
1453,-0.294,0.424543429358417,He is my friend who grinds at my mill .
342,-0.298,0.057075928715839636,I 'm drawn to art .
2954,-0.298,0.5963241474289582,Wilbur Wright said he 'd take a flier on it .
2237,-0.304,-0.08568168610663972,The wish is father to the thought .
618,-0.304,0.363159850739682,Hands in Prayer : Already Digital
3982,-0.306,0.07589751431387365,We should not expect to find old heads on young shoulders .
2751,-0.308,0.7271437785329268,"Daddy , how come my magnet wo n't pick up these disks ?"
984,-0.309,0.31782125209886586,"'' I 'm putting on my T-shirt , shorts , and sunglasses , '' Tom summarised ."
2361,-0.309,0.2936778056599061,"She memorized just what kind of locket she wanted , by heart ."
1218,-0.319,-0.3011037231880339,"When in Rome , do as the Romans do ."
1946,-0.321,0.5693467402758292,How can you be so deaf with those huge ears ?
2513,-0.321,0.31207678395473415,"I have eight children , said Tom , apparently ."
3022,-0.321,0.0020665676246230946,Did you expect mere proof to sway my opinion ?
868,-0.321,-0.12933228488237686,80 percent of life is showing up .
1689,-0.322,0.1151912084817997,"If you want someone to keep a secret , keep it yourself ."
2514,-0.322,0.700438046139813,The thief had a bold plan . He figured he could carry it off .
2223,-0.333,0.062202133562997176,The squeaky wheel gets the grease .
1501,-0.333,0.4908435725287349,Just pew it
2857,-0.333,0.005092736230038038,Compatible : Blows up a little later than Incompatible
1666,-0.333,-0.44648186805582324,Shame take him that shame thinketh .
2082,-0.333,-0.08976087292947224,In the dark ? Follow the son .
2114,-0.333,0.00022282347300094096,My name is Sandy . I 'm a lifeguard .
3536,-0.344,0.6131493590447952,An army officer is a position that some people shoot for .
1341,-0.345,0.27746158926208747,We believe in separation of church and hate
3337,-0.345,0.33664487281198374,"I 'll clean the chimney , said Tom , fluently"
1763,-0.345,0.673680709027874,"'' I 've been to a film festival in Southern France , '' said Tom cannily ."
174,-0.345,0.020249802524160757,"Save the whales , spouted Tom ."
3156,-0.345,-0.3798048429207571,We welcome you with open psalms .
3844,-0.346,0.6516664504892978,Honor your mother and father rather than major credit cards .
1562,-0.346,0.11256489495286258,"''Boy , that 's a bright star , '' said Tom seriously ."
1019,-0.347,0.14774482207323114,Every silver lining has a cloud around it .
1435,-0.347,0.5705869523633571,Water leaking through wallboard is usually a ceiling problem .
3629,-0.348,0.1590351342863331,Procrastination is the thief of time .
3498,-0.356,0.42533929939116055,A baseball player joined the army and did the round of military bases .
2195,-0.357,0.00916042647204605,Hell ’ s the pits
1729,-0.36,0.008044244995116745,You ca n't milk a bull .
906,-0.362,-0.3177761856043432,Who lives by hope will die of hunger .
3053,-0.367,0.8736008338935404,"'' I 'm just going to put these handcuffs on you , '' said Tom manically ."
3963,-0.37,-0.20474822094261147,Half a loaf is better than no bread .
1661,-0.37,-0.03510952880521878,There is no such thing as bravery ; only degrees of fear .
2905,-0.373,-1.5301336674225507e-05,' '' ' said Tom blankly .
2193,-0.373,-0.2166607678484322,The remedy is worse than the disease .
3591,-0.375,-0.10799254274039084,"When in doubt , leave it out ."
407,-0.388,-0.1808148610821895,Tact is for weenies .
1687,-0.388,-0.012335946908924283,He that sows the wind shall reap the whirlwind .
2571,-0.391,0.33253585665695023,Men leap over where the hedge is lower .
2162,-0.393,-0.14498159033818975,"That makes 144 , said Tom , grossly ."
1106,-0.393,0.21527855304761837,The boughs that bear most hang lowest .
2447,-0.393,0.18256072581674304,My other computer runs the Enterprise .
2827,-0.395,0.3228404935353725,A mans worst enemies are often those of his own house .
2044,-0.396,0.26132701691263555,"My investments are worth more every day , said Tom appreciatively ."
3077,-0.4,0.26039866234437153,The door swings both ways .
1131,-0.4,0.413864653213509,"My name is Phillip , I 'm a service station attendant ."
2472,-0.404,0.05425835323382383,There ’ s no high like the most high .
2531,-0.404,0.046775866773597324,It seems like it 's always Patsy 's fault .
50,-0.407,0.7489992363638509,"''Someone bumped into me while I was brushing my teeth , '' said Tom with a gleam in his eye ."
3346,-0.407,-0.11980205886156765,"If it 's obvious , it 's obviously wrong ."
2815,-0.412,-0.06903436023009407,"Truth gives a short answer , lies go round about ."
3404,-0.418,0.2806948208301562,The geneticist taught his students how to mendel defective genes .
145,-0.423,0.005048259772532537,"My name is Oscar , and I 'm a movie star ."
386,-0.424,0.03367126287091508,Strip mining prevents forest fires .
1185,-0.424,-0.13206526534527813,Boyle said he was under too much pressure .
2609,-0.429,-0.010020667864995891,Money talks .
3687,-0.429,0.32467994901328556,"When the pig is proffered , hold up the poke ."
745,-0.429,0.09968919589140735,"The Bagginses , they steals our taglines , precioussss ...."
896,-0.433,0.20417682936783924,Rental agents offer quarters for dollars .
3621,-0.434,-0.05436169235542292,Memories of you remind me of you .
3493,-0.434,-0.6212583646500709,"If anything can go wrong , it will ."
1575,-0.435,0.37328977203239216,"I 'd like to be a Chinese laborer , said Tom coolly ."
155,-0.439,0.2481188104869617,"''It 's the quotient of two integers , '' said Tom rationally ."
2516,-0.439,0.281837081273879,Q : River Ravi flows in which state ? A : Liquid .
847,-0.448,-0.03395587692817979,He that stays in the valley will not get over the hill .
2683,-0.448,0.02929259325912026,"When in doubt , tell a lie"
1833,-0.451,0.12525328540460706,If it ai n't water-cooled ... it 's a terminal !
545,-0.455,-0.004873342904340799,It 's easier to ask forgiveness than permission .
275,-0.458,-0.5968774456977852,Well done is better than `` well said '' .
3755,-0.458,0.11032863532166678,Never lie to your lawyer .
3465,-0.469,0.071481757600867,"'' I 've been listening to the Brandenburg Concertos , '' Tom barked ."
1747,-0.472,0.3438175407956554,"''Now I can do some painting , '' said Tom easily ."
434,-0.472,0.004440406212151485,Fine words butter no parsnips .
2676,-0.48,0.3675267512767255,Come huddle with us before the big game
2983,-0.48,0.020790554422869145,Birds of a feather flock together .
1625,-0.481,-0.03743219498139602,"I love beagles , Tom dogmatized ."
254,-0.483,0.0025189733393456808,The Easter story is not a dead issue .
439,-0.483,0.2284903790838345,The nail that sticks up will be hammered down .
1088,-0.483,-0.5061470103392268,The best defence is a good offence .
2583,-0.489,-0.29057428735663543,My name is Ray . I 'm a roentgenologist .
1570,-0.49,0.8093731607822535,"He that waits on another man 's trencher , makes many a late dinner ."
724,-0.491,-0.8082480222120524,There is no greater torment than to be alone in paradise .
2691,-0.5,-0.03243962292132404,Know thyself .
3273,-0.509,-0.08481626454898211,Jesus is more precious than silver or golf .
3670,-0.51,0.009329636445300632,A word spoken is past recalling .
1041,-0.511,-0.08430182336264035,"She must be wearing mink , Tom inferred ."
2696,-0.511,-0.06400389444509477,Use it or lose it .
3829,-0.511,0.053129736354642756,Fear not the loss of the bell more than the loss of the steeple .
3269,-0.511,-0.24822068296858002,Avoid the pleasure which will bite tomorrow .
2689,-0.516,0.127324711130249,Good clothes open all doors .
917,-0.517,-0.29158495710501237,A good mind possesses a kingdom .
1469,-0.52,-0.158224021490541,"If you buy cheaply , you pay dearly ."
2666,-0.52,0.1773253366467015,Two is a company ; three is a crowd .
1247,-0.52,-0.11300322814010491,"I fought with Geronimo , said Tom bravely ."
3930,-0.524,0.5205007668965766,A staff is quickly found to beat a dog .
1140,-0.524,-0.21531830173057384,Advice most needed is least heeded .
3356,-0.529,0.19489549006125823,Ethel the Aardvark Goes Quantity Surveying ... the Musical !
101,-0.536,-0.054559819282530814,"''This steamroller is amazing , '' said Tom flatteringly ."
2128,-0.538,-0.03590287571371521,"My shins are well protected , Tom grieved ."
1384,-0.538,-0.5477986986054962,"Be a friend to thyself , and others will befriend thee ."
1181,-0.545,-0.015765447543594102,Confidence begets confidence .
630,-0.551,-0.038156784634474944,Take a God look at yourself .
1070,-0.551,-0.03369354126365126,"Yes , I have read Gulliver 's Travels , said Tom swiftly ."
3004,-0.552,0.1154633957383433,"If it looks like a duck , swims like a duck , and quacks like a duck , then it probably is a duck ."
2878,-0.556,0.16399376917894,"Fool me once , shame on you . Fool me twice , shame on me ."
1796,-0.556,0.19558229892650444,Insert disk 5 of 4 and press any key to continue
2612,-0.564,0.4224463497265971,"They are not answering - we 'd better try the knocker , said Tom adoringly ."
3018,-0.565,-0.22965817529317334,"Whatever you do , act wisely , and consider the end ."
2063,-0.569,-0.4870713521667588,We have nothing to fear but fear itself .
1761,-0.569,-0.006637844777333484,Fight fire with fire .
2071,-0.574,-0.01744126194918313,A rotten apple injures its companions .
1302,-0.574,-0.04262159126526069,Do n't go between the tree and the bark .
2429,-0.574,0.15862609112284742,My name is Josh . I 'm a talk show host
253,-0.577,-0.2688561669996458,Talk of the devil and he 's sure to appear .
3954,-0.586,0.6937503212240155,Give a man a fish and you feed him for a day . Teach a man to fish and you feed him for a lifetime .
2120,-0.586,-0.4200558423016105,"Though thou hast ever so many counsellors , yet do not forsake the counsel of thy own soul ."
2687,-0.592,-0.01914223110472839,Cross the stream where it is shallowest .
2263,-0.593,-0.05405613297765119,Do n't change horses in midstream .
509,-0.593,0.330462885952601,"'' I told you not to ride that horse , '' Tom nagged ."
2951,-0.6,-0.30718992369605824,What you sow is what you reap .
2603,-0.6,-0.015197789572609557,"''The sun is rising , '' Tom mourned ."
2943,-0.6,-0.4470703055479717,Pride comes before the fall .
1979,-0.6,-0.5182845649695385,The spirit is willing but the flesh is weak .
3123,-0.614,-0.22808963710531235,Two heads are better than one .
551,-0.615,-0.0803390748879606,"If it 's too good to be true , then it probably is ."
1346,-0.615,0.03344765785084038,Do n't make a mountain out of a molehill .
2934,-0.615,0.03761857507202426,"If you got it , flaunt it ."
1125,-0.619,-0.3588234018935857,Every little helps .
2267,-0.623,-0.34272492009712174,Nature never did betray the heart that loved her .
913,-0.628,-0.004768560496513918,"Like father , like son ."
246,-0.633,0.06332749298619131,The only stupid question is the one that is not asked .
3007,-0.633,0.2059909521991069,"Winning is n't everything , it 's the only thing ."
416,-0.633,-0.30971228522123756,"I 'll take that , said Tom appropriately ."
144,-0.636,-0.07504169418084222,He laughs best who laughs last .
2463,-0.64,-0.2942730107258,"Where vice goes before , vengeance follows after ."
3935,-0.643,-0.1329859037042628,Every man thinks his own geese swans .
1264,-0.647,0.5448368295864006,Many things are lost for want of asking .
3923,-0.649,0.07933545035948811,Keep your mouth shut and your eyes open .
292,-0.649,-0.0452836156564554,Roentgen was radiating .
531,-0.652,-0.014622975206002638,Curiosity killed the cat .
1608,-0.655,-0.2366202774983572,Children are uncertain comforts but certain cares .
2889,-0.655,0.16229031202980793,Victims of bad construction in the orient are 'bamboozled ' .
3048,-0.661,-0.0645837092174832,Diligent youth makes easy age .
3803,-0.667,0.2742013592659322,My name is Dean A college chancellor
1187,-0.667,-0.25111243495361074,Reckless youth makes rueful age .
1732,-0.672,-0.0005497121020408271,Call a spade a spade .
2238,-0.673,-0.10290714994511646,Keep your own counsel .
421,-0.673,-0.4683349328764438,No man is an island .
2512,-0.679,-1.2767786143949933,"Where there is a will , there is a way ."
53,-0.68,-0.23424039247760042,"''There 's no need for silence , '' Tom allowed ."
833,-0.684,0.32838693397705465,You ca n't have an omelette unless you break the egg .
3730,-0.686,-0.14676965265122183,Nature is beyond all teaching .
3108,-0.686,-0.7571737371161431,There 's no peace for the wicked .
720,-0.686,-0.023801328030896816,Go with the flow .
3114,-0.686,-0.4514799415639091,Prevention is better than cure .
1672,-0.686,0.09044638658904011,Come in for a free makeover this Sunday
3965,-0.686,-0.23657729994282242,Lose nothing for want of asking .
2375,-0.696,-0.015321835195470358,Tit for tat .
317,-0.698,-0.20021541725063374,The show must go on .
2579,-0.702,-0.016055674527458402,Rats desert a sinking ship .
1426,-0.704,0.13560148940757108,Good men are hard to find .
1350,-0.708,0.07269542492052394,Kill them all ! .... Let God sort them out .
2371,-0.708,-0.13622412640965403,Time and tide wait for no man .
3556,-0.709,0.16179473106222048,Drumming is not the way to catch a hare .
1659,-0.709,0.37032156896791235,Strike while the iron is hot .
682,-0.714,-0.008366166566903616,Every cloud has a silver lining .
2469,-0.721,-0.1084989736986057,A book is a friend .
3921,-0.725,-0.21109112880522232,Health is wealth .
1060,-0.725,0.44186919939946634,Do n't make clothes for a not yet born baby .
133,-0.725,-0.1225680194491324,Once a thief always a thief .
2125,-0.73,0.1456651276396693,Fear the man of one book .
412,-0.731,0.12365178625637097,"sophisticated , adj . deprived of its native simplicity ."
1062,-0.733,-0.1431729320366706,Two wrongs do n't make a right .
3791,-0.75,-0.18442877625952026,Out of sight ... Out of mind .
1813,-0.75,-0.7000053378252564,Home is where the heart is .
1217,-0.75,0.10775905735354588,A man 's home is his castle .
2016,-0.754,-0.034390298239110315,Manners maketh the man .
2817,-0.759,-0.16953450632453188,God works in mysterious ways .
85,-0.765,-0.17282752122444772,"No pain , no gain ."
739,-0.765,-0.5057485611113387,"There are no answers , only cross-references ."
1680,-0.769,-0.05738172436899492,De Broglie waved aside the invitation .
2822,-0.774,-0.23392930364358994,Practice makes perfect .
2236,-0.774,0.1303537691580291,Never lie to your doctor .
4004,-0.815,-0.03890992958123099,An empty vessel makes much noise .
2648,-0.818,0.13928073352388068,Do n't make the same mistake twice .
1617,-0.885,-0.25376603096553124,Knowledge is power .
